{
    "number": 2,
    "title": "Meet the team",
    "pages": [
        {
            "order": 1,
            "title": "Meet The Team",
            "type": "full",
            "photos": [
                "chapter-2-page-1-1.jpg",
                "chapter-2-page-1-2.jpg",
                "chapter-2-page-1-3.jpg",
                "chapter-2-page-1-4.jpg"
                
            ],
            "content": [],
            "template": null
        },
        {
            "order": 2,
            "title": "",
            "type": "split-five-vertical",
            "photos": [
                "chapter-2-page-2-1.jpg",
                "chapter-2-page-2-2.jpg",
                "chapter-2-page-2-3.jpg",
                "chapter-2-page-2-4.jpg",
                "chapter-2-page-2-5.jpg"
            ],
            "content": [],
            "template": null
        },
        {
            "order": 3,
            "title": "",
            "type": "split-five-vertical",
            "photos": [
                "chapter-3-page-3-1.jpg",
                "chapter-3-page-3-2.jpg",
                "chapter-3-page-3-3.jpg",
                "chapter-3-page-3-4.jpg",
                "chapter-3-page-3-5.jpg"
            ],

            "content": [],
            "template": null
        }
    ]
}