{
    "number": 3,
    "title": "A dev's habitat",
    "pages": [
        {
            "order": 1,
            "title": "A Dev's habitat",
            "type": "full",
            "photos": [
                "chapter-3-page-1-1.jpg",
                "chapter-3-page-1-2.jpg",
                "chapter-3-page-1-3.jpg",
                "chapter-3-page-1-4.jpg"
            ],
            "content": [
                {
                    "type": "story",
                    "content": {
                        "heading": "This is a story heading",
                        "subheading": "This is a story subheading",
                        "image": "hotspot-image.png",
                        "paragraph": "Lorem ipsum dolor sit amet."
                    }
                },
                {
                    "type": "hotspot",
                    "content": {
                        "heading": "This is a hotspot heading",
                        "subheading": "This is a hotspot subheading",
                        "image": "hotspot-image.png"
                    },
                    "position": {
                        "x": 0,
                        "y": 0
                    }
                }
            ],
            "template": null
        },

{
            "order": 2,
            "title": "",
            "type": "split-grid-four",
            "photos": [
                "chapter-3-page-2-1.jpg",
                "chapter-3-page-2-2.jpg",
                "chapter-3-page-2-3.jpg",
                "chapter-3-page-2-4.jpg"
                
            ],
            "content": [],
            "template": null
        },

{
            "order": 3,
            "title": "",
            "type": "split-vertical",
            "photos": [
                "chapter-3-page-3-1.jpg",
                "chapter-3-page-3-2.jpg"
                
                
            ],
            "content": [],
            "template": null
        },

{
            "order": 4,
            "title": "",
            "type": "split-vertical",
            "photos": [
                "chapter-3-page-4-1.jpg",
                "chapter-3-page-4-2.jpg"
                
                
            ],
            "content": [],
            "template": null
        },

        {
            "order": 5,
            "title": "",
            "type": "split-grid-four",
            "photos": [
                "chapter-3-page-5-1.jpg",
                "chapter-3-page-5-2.jpg",
                "chapter-3-page-5-3.jpg",
                "chapter-3-page-5-4.jpg"
                
                
            ],
            "content": [],
            "template": null
        },

        {
            "order": 6,
            "title": "",
            "type": "split-vertical",
            "photos": [
                "chapter-3-page-6-1.jpg",
                "chapter-3-page-6-2.jpg"
                
                
            ],
            "content": [],
            "template": null
        },

        {
            "order": 7,
            "title": "",
            "type": "split-grid-four",
            "photos": [
                "chapter-3-page-7-1.jpg",
                "chapter-3-page-7-2.jpg",
                "chapter-3-page-7-3.jpg",
                "chapter-3-page-7-4.jpg"
                
                
            ],
            "content": [],
            "template": null
        },

        {
            "order": 8,
            "title": "",
            "type": "split-vertical",
            "photos": [
                "chapter-3-page-8-1.jpg",
                "chapter-3-page-8-2.jpg"
                
                
            ],
            "content": [],
            "template": null
        },

{
            "order": 9,
            "title": "",
            "type": "split-vertical",
            "photos": [
                "chapter-3-page-9-1.jpg",
                "chapter-3-page-9-2.jpg"
                
                
            ],
            "content": [],
            "template": null
        },

{
            "order": 10,
            "title": "",
            "type": "full",
            "photos": [
                "chapter-3-page-10-1.jpg"
                                
            ],
            "content": [],
            "template": null
        }

    ]
}