{
    "number": 4,
    "title": "Knuckling Down",
    "pages": [
        {
            "order": 1,
            "title": "Knuckling Down",
            "type": "full",
            "photos": [
                "chapter-4-page-1-1.jpg",
                "chapter-4-page-1-2.jpg",
                "chapter-4-page-1-3.jpg",
                "chapter-4-page-1-4.jpg"
                
            ],
            "content": [],
            "template": null
        },

        {
            "order": 2,
            "title": "",
            "type": "split-grid-four",
            "photos": [
                "chapter-4-page-2-1.jpg",
                "chapter-4-page-2-2.jpg",
                "chapter-4-page-2-3.jpg",
                "chapter-4-page-2-4.jpg"
            ],
            "content": [],
            "template": null
        },

        {
            "order": 3,
            "title": "",
            "type": "split-five-vertical",
            "photos": [
                "chapter-4-page-3-1.jpg",
                "chapter-4-page-3-2.jpg",
                "chapter-4-page-3-3.jpg",
                "chapter-4-page-3-4.jpg",
                "chapter-4-page-3-5.jpg"
            ],

            "content": [],
            "template": null
        },

        {
            "order": 4,
            "title": "",
            "type": "split-grid-four",
            "photos": [
                "chapter-4-page-4-1.jpg",
                "chapter-4-page-4-2.jpg",
                "chapter-4-page-4-3.jpg",
                "chapter-4-page-4-4.jpg"
            ],
            "content": [],
            "template": null
        },

{
            "order": 5,
            "title": "",
            "type": "full",
            "photos": [
                "chapter-4-page-2-1.jpg"
            ],
            "content": [],
            "template": null
        },

{
            "order": 6,
            "title": "",
            "type": "split-grid-four",
            "photos": [
                "chapter-4-page-6-1.jpg",
                "chapter-4-page-6-2.jpg",
                "chapter-4-page-6-3.jpg",
                "chapter-4-page-6-4.jpg"
            ],
            "content": [],
            "template": null
        },

        {
            "order": 7,
            "title": "",
            "type": "split-grid-four",
            "photos": [
                "chapter-4-page-7-1.jpg",
                "chapter-4-page-7-2.jpg",
                "chapter-4-page-7-3.jpg",
                "chapter-4-page-7-4.jpg"
            ],
            "content": [],
            "template": null
        },

{
            "order": 8,
            "title": "",
            "type": "split-grid-twelve",
            "photos": [
                "chapter-4-page-8-1.jpg",
                "chapter-4-page-8-2.jpg",
                "chapter-4-page-8-3.jpg",
                "chapter-4-page-8-4.jpg",
                "chapter-4-page-8-5.jpg",
                "chapter-4-page-8-6.jpg",
                "chapter-4-page-8-7.jpg",
                "chapter-4-page-8-8.jpg",
                "chapter-4-page-8-9.jpg",
                "chapter-4-page-8-10.jpg",
                "chapter-4-page-8-11.jpg",
                "chapter-4-page-8-12.jpg"

            ],
            "content": [],
            "template": null
        }

    ]
}