{
    "number": 5,
    "title": "Bloomin Journos",
    "pages": [
        {
            "order": 1,
            "title": "Bloomin Journos",
            "type": "full",
            "photos": [
                "chapter-5-page-1-1.jpg",
                "chapter-5-page-1-2.jpg",
                "chapter-5-page-1-3.jpg"
                
            ],
            "content": [],
            "template": null
        },
        {
            "order": 2,
            "title": "",
            "type": "split-grid-four",
            "photos": [
                "chapter-5-page-2-1.jpg",
                "chapter-5-page-2-2.jpg",
                "chapter-5-page-2-3.jpg",
                "chapter-5-page-2-4.jpg"
            ],
            "content": [],
            "template": null
        },
        {
            "order": 3,
            "title": "",
            "type": "full",
            "photos": [
                "chapter-5-page-3-1.jpg"
            ],

            "content": [],
            "template": null
        },

{
            "order": 4,
            "title": "",
            "type": "split-vertical",
            "photos": [
                "chapter-5-page-4-1.jpg",
                "chapter-5-page-4-2.jpg"

            ],

            "content": [],
            "template": null
        },

        {
            "order": 5,
            "title": "",
            "type": "full",
            "photos": [
                "chapter-5-page-5-1.jpg"
            ],

            "content": [],
            "template": null
        }

    ]
}