{
    "number": 6,
    "title": "GamesCom Calm Before The Storm",
    "pages": [
        {
            "order": 1,
            "title": "GamesCom Calm Before The Storm",
            "type": "full",
            "photos": [
                "chapter-6-page-1-1.jpg",
                "chapter-6-page-1-2.jpg",
                "chapter-6-page-1-3.jpg",
                "chapter-6-page-1-4.jpg",
                "chapter-6-page-1-5.jpg",
                "chapter-6-page-1-6.jpg",
                "chapter-6-page-1-7.jpg",
                "chapter-6-page-1-8.jpg"
                
            ],
            "content": [],
            "template": null
        },
        {
            "order": 2,
            "title": "",
            "type": "split-grid-four",
            "photos": [
                "chapter-6-page-2-1.jpg",
                "chapter-6-page-2-2.jpg",
                "chapter-6-page-2-3.jpg",
                "chapter-6-page-2-4.jpg"
            ],
            "content": [],
            "template": null
        },
        {
            "order": 3,
            "title": "",
            "type": "split-grid-four",
            "photos": [
                "chapter-6-page-3-1.jpg",
                "chapter-6-page-3-2.jpg",
                "chapter-6-page-3-3.jpg",
                "chapter-6-page-3-4.jpg"
            ],

            "content": [],
            "template": null
        },

{
            "order": 4,
            "title": "",
            "type": "split-vertical",
            "photos": [
                "chapter-6-page-4-1.jpg",
                "chapter-6-page-4-2.jpg"

            ],

            "content": [],
            "template": null
        },

        {
            "order": 5,
            "title": "",
            "type": "full",
            "photos": [
                "chapter-6-page-5-1.jpg"
            ],

            "content": [],
            "template": null
        },

         {
            "order": 6,
            "title": "",
            "type": "split-five-vertical",
            "photos": [
                "chapter-6-page-6-1.jpg",
                "chapter-6-page-6-2.jpg",
                "chapter-6-page-6-3.jpg",
                "chapter-6-page-6-4.jpg",
                "chapter-6-page-6-5.jpg"
            ],

            "content": [],
            "template": null
        },

 {
            "order": 7,
            "title": "",
            "type": "full",
            "photos": [
                "chapter-6-page-7-1.jpg"
                
            ],

            "content": [],
            "template": null
        },

         {
            "order": 8,
            "title": "",
            "type": "split-grid-four",
            "photos": [
                "chapter-6-page-8-1.jpg",
                "chapter-6-page-8-2.jpg",
                "chapter-6-page-8-3.jpg",
                "chapter-6-page-8-4.jpg"
            ],

            "content": [],
            "template": null
        },

 {
            "order": 9,
            "title": "",
            "type": "split-vertical",
            "photos": [
                "chapter-6-page-9-1.jpg",
                "chapter-6-page-9-2.jpg"
            ],

            "content": [],
            "template": null
        },

 {
            "order": 10,
            "title": "",
            "type": "full",
            "photos": [
                "chapter-6-page-10-1.jpg"
                
            ],

            "content": [],
            "template": null
        },

         {
            "order": 11,
            "title": "",
            "type": "full",
            "photos": [
                "chapter-6-page-11-1.jpg"
    
            ],

            "content": [],
            "template": null
        }



    ]
}