{
    "number": 7,
    "title": "GamesCom Showing Off Our Big Chinned Baby",
    "pages": [
        {
            "order": 1,
            "title": "GamesCom Showing Off Our Big Chinned Baby",
            "type": "full",
            "photos": [
                "chapter-7-page-1-1.jpg",
                "chapter-7-page-1-2.jpg",
                "chapter-7-page-1-3.jpg",
                "chapter-7-page-1-4.jpg",
                "chapter-7-page-1-5.jpg"
                
            ],
            "content": [],
            "template": null
        },

        {
            "order": 2,
            "title": "",
            "type": "split-grid-four",
            "photos": [
                "chapter-7-page-2-1.jpg",
                "chapter-7-page-2-2.jpg",
                "chapter-7-page-2-3.jpg",
                "chapter-7-page-2-4.jpg"
            ],
            "content": [],
            "template": null
        },
        {
            "order": 3,
            "title": "",
            "type": "split-grid-twelve",
            "photos": [
                "chapter-7-page-3-1.jpg",
                "chapter-7-page-3-2.jpg",
                "chapter-7-page-3-3.jpg",
                "chapter-7-page-3-4.jpg",
                "chapter-7-page-3-5.jpg",
                "chapter-7-page-3-6.jpg",
                "chapter-7-page-3-7.jpg",
                "chapter-7-page-3-8.jpg",
                "chapter-7-page-3-9.jpg",
                "chapter-7-page-3-10.jpg",
                "chapter-7-page-3-11.jpg",
                "chapter-7-page-3-12.jpg"
                
            ],

            "content": [],
            "template": null
        },

{
            "order": 4,
            "title": "",
            "type": "full",
            "photos": [
                "chapter-7-page-4-1.jpg"

            ],

            "content": [],
            "template": null
        },

        {
            "order": 5,
            "title": "",
            "type": "split-five-vertical",
            "photos": [
                "chapter-7-page-5-1.jpg",
                "chapter-7-page-5-2.jpg",
                "chapter-7-page-5-3.jpg",
                "chapter-7-page-5-4.jpg",
                "chapter-7-page-5-5.jpg"

            ],

            "content": [],
            "template": null
        },

         {
            "order": 6,
            "title": "",
            "type": "split-grid-four",
            "photos": [
                "chapter-7-page-6-1.jpg",
                "chapter-7-page-6-2.jpg",
                "chapter-7-page-6-3.jpg",
                "chapter-7-page-6-4.jpg"
            ],

            "content": [],
            "template": null
        },

 {
            "order": 7,
            "title": "",
            "type": "split-grid-four",
            "photos": [
                "chapter-7-page-7-1.jpg",
                "chapter-7-page-7-2.jpg",
                "chapter-7-page-7-3.jpg",
                "chapter-7-page-7-4.jpg"
                
            ],

            "content": [],
            "template": null
        },

         {
            "order": 8,
            "title": "",
            "type": "full",
            "photos": [
                "chapter-7-page-8-1.jpg"
            ],

            "content": [],
            "template": null
        },

 {
            "order": 9,
            "title": "",
            "type": "full",
            "photos": [
                "chapter-7-page-9-1.jpg"
            ],

            "content": [],
            "template": null
        },

 {
            "order": 10,
            "title": "",
            "type": "full",
            "photos": [
                "chapter-7-page-10-1.jpg"
                
            ],

            "content": [],
            "template": null
        },

         {
            "order": 11,
            "title": "",
            "type": "split-grid-four",
            "photos": [
                "chapter-7-page-11-1.jpg",
                "chapter-7-page-11-2.jpg",
                "chapter-7-page-11-3.jpg",
                "chapter-7-page-11-4.jpg"
    
            ],

            "content": [],
            "template": null
        },

        {
            "order": 12,
            "title": "",
            "type": "split-grid-four",
            "photos": [
                "chapter-7-page-12-1.jpg",
                "chapter-7-page-12-2.jpg",
                "chapter-7-page-12-3.jpg",
                "chapter-7-page-12-4.jpg"
    
            ],

            "content": [],
            "template": null
        },

        {
            "order": 13,
            "title": "",
            "type": "full",
            "photos": [
                "chapter-7-page-12-1.jpg"
    
            ],

            "content": [],
            "template": null
        },

        {
            "order": 14,
            "title": "",
            "type": "split-grid-four",
            "photos": [
                "chapter-7-page-14-1.jpg",
                "chapter-7-page-14-2.jpg",
                "chapter-7-page-14-3.jpg",
                "chapter-7-page-14-4.jpg"
    
            ],

            "content": [],
            "template": null
        },

        {
            "order": 15,
            "title": "",
            "type": "split-grid-four",
            "photos": [
                "chapter-7-page-15-1.jpg",
                "chapter-7-page-15-2.jpg",
                "chapter-7-page-15-3.jpg",
                "chapter-7-page-15-4.jpg"
    
            ],

            "content": [],
            "template": null
        },

        {
            "order": 16,
            "title": "",
            "type": "full",
            "photos": [
                "chapter-7-page-16-1.jpg"
    
            ],

            "content": [],
            "template": null
        }

    ]
}