{
    "number": 9,
    "title": "The Party's Over",
    "pages": [
        {
            "order": 1,
            "title": "The Party's Over",
            "type": "full",
            "photos": [
                "chapter-9-page-1-1.jpg",
                "chapter-9-page-1-2.jpg",
                "chapter-9-page-1-3.jpg",
                "chapter-9-page-1-4.jpg",
                "chapter-9-page-1-5.jpg",
                "chapter-9-page-1-6.jpg",
                "chapter-9-page-1-7.jpg"
            ],
            "content": [],
            "template": null
        },
        {
            "order": 2,
            "title": "",
            "type": "full",
            "photos": [
                "chapter-9-page-2-1.jpg"
            ],
            "content": [],
            "template": null
        },
        {
            "order": 3,
            "title": "",
            "type": "full",
            "photos": [
                "chapter-9-page-3-1.jpg"
                
            ],

            "content": [],
            "template": null
        },

{
            "order": 4,
            "title": "",
            "type": "full",
            "photos": [
                "chapter-9-page-4-1.jpg"

            ],

            "content": [],
            "template": null
        },

        {
            "order": 5,
            "title": "",
            "type": "full",
            "photos": [
                "chapter-9-page-5-1.jpg"

            ],

            "content": [],
            "template": null
        },

         {
            "order": 6,
            "title": "",
            "type": "full",
            "photos": [
                "chapter-9-page-6-1.jpg"
            ],

            "content": [],
            "template": null
        },

 {
            "order": 7,
            "title": "",
            "type": "full",
            "photos": [
                "chapter-9-page-7-1.jpg"
                
            ],

            "content": [],
            "template": null
        },

         {
            "order": 8,
            "title": "",
            "type": "full",
            "photos": [
                "chapter-9-page-8-1.jpg"
            ],

            "content": [],
            "template": null
        },

 {
            "order": 9,
            "title": "",
            "type": "full",
            "photos": [
                "chapter-9-page-9-1.jpg"
            ],

            "content": [],
            "template": null
        },

 {
            "order": 10,
            "title": "",
            "type": "full",
            "photos": [
                "chapter-9-page-10-1.jpg"
                
            ],

            "content": [],
            "template": null
        },

        {
            "order": 11,
            "title": "",
            "type": "full",
            "photos": [
                "chapter-9-page-11-1.jpg"
            ],

            "content": [],
            "template": null
        }

    ]
}