{
  "number": 1,
  "title": "Intro",
  "pages": [
    {
      "order": 1,
      "title": "Making Games Is Fun",
      "type": "chapter-intro-horizontal",
      "photos": [
        "chapter-1-page-1-3.jpg",
        "chapter-1-page-1-2.jpg",
        "chapter-1-page-1-1.jpg"
      ],
      "content": [
        {
          "type": "story",
          "content": [
            {
              "type": "heading",
              "value": "Making Games Is Fun"
            },
            {
              "type": "paragraph",
              "value": "Sean Murray, MD of Hello Games, turned his attention to me: 'I bet you're sat there wondering why everyone's so serious and stressed over a game about a cartoon man on a motorbike,' he laughed. This was his ice breaker following a tense team meeting where he expressed concerns over the weaker areas of the current build, and how little time was left."
            },
            {
              "type": "paragraph",
              "value": "This was a meeting to make sure everyone was on track and give them a bit of a scare in case anyone was getting too comfortable. It made me realise that this must happen for every game, even seemingly frivolous ones about overtly happy stuntmen with massive chins. The message was 'here's the deadline, it's very real and we still have a lot of stuff to get through'. There needed to exist a good, solid build of the game before the rapidly approaching GamesCom: the biggest annual gaming convention in Europe, held in Cologne, Germany. That deadline was now very real, and all the fear and trepidation that came with it left a palpable sense of urgency in the air. The obstacles in the way of finishing the game were significantly less bright, colourful and fun than the ones that littered the game's courses."
            },
            {
              "type": "paragraph",
              "value": "This visit had been quite a contrast to my previous visits to the studio. Normally, when I step through the front door, Hello Games is a light-hearted, relaxed and fun place to be. That's not to say there isn't hard work that goes on: it's a laid back environment with people working hard on something they love. This meeting punctured that atmosphere for a brief second. I felt incredibly privileged to be in the room at what I felt was a very personal moment for everyone in the team."
            },
            {
              "type": "paragraph",
              "value": "These were the moments I had been hoping for when I started the project. I wasn't interested in gruelling technical details, like the ones you get in those utterly dull dev diaries from big name publishers; I didn't want to know what it was like to be a dev, I wanted to know what it felt like to be a person working on a game. "
            },
            {
              "type": "paragraph",
              "value": "The lovely people at Hello Games gave me that opportunity. I have stayed up with them til 4am on crunch days, bleary-eyed, I have sat with them, boozed up in the streets of Cologne on a hot summer night and I was present at the birth of the now legendary sport known as HATBALL."
            },
            {
              "type": "paragraph",
              "value": "I can only thank them for letting me into their lives so openly and allowing me to tell this story. As a man who thinks about videogames an awful, awful, lot, it was an absolute dream to be a part of. I hope you get all kinds of things out of these images but, at the heart of it, it is simply a story about some nice, funny, talented people that I like, and I think you will like them too."
            }
          ]
        }
      ],
      "template": null
    }
  ]
}