{
  "number": 3,
  "title": "A Dev's Habitat",
  "pages": [
    {
      "order": 1,
      "title": "A Dev's Habitat",
      "type": "chapter-intro-horizontal",
      "photos": [
        "chapter-3-page-1-1.jpg",
        "chapter-3-page-1-2.jpg",
        "chapter-3-page-1-3.jpg",
        "chapter-3-page-1-4.jpg"
      ],
      "content": [
        {
          "type": "story",
          "content": [
            {
              "type": "heading",
              "value": "A Dev's Habitat"
            },
            {
              "type": "paragraph",
              "value": "I know what you're thinking: surely an office is an office, right? WRONG! This office has desks in it with both office equipment AND videogame controllers! On the same desk! There are even people playing actual games! In an office! "
            },
            {
              "type": "paragraph",
              "value": "Now you've had a moment to collect the fragments of your exploded mind from the corners of the room, I will admit, an office is indeed still an office, but seeing as the laws on decoration are a lttle less stringent than, say, a law firm, it would be a missed opportunity to not put enormous videogame action figures absolutely everywhere."
            },
            {
              "type": "paragraph",
              "value": "Shortly after moving in to their new, full time home, the whole team took half a day out to decorate and give the Hello Games office its own identity, turning the place from an identikit office to a GAME DEV'S PARADISE. The status of GAME DEV'S PARADISE was mainly achieved by the artists (mostly Jake, let's face it) drawing unflattering cartoons of the rest of the team and sticking them to the walls. "
            },
            {
              "type": "paragraph",
              "value": "Oh and there's a pool table, because why would you not put a pool table in there?"
            },
            {
              "type": "paragraph",
              "value": "Here's a quick look at the habitat that houses these curious indie animals and the transformation process. It's a bit like one of those home makeover programs, except without a professional interior decorator and with wonkily placed stickers."
            }
          ]
        }
      ],
      "template": null
    },
    {
      "order": 2,
      "title": " ",
      "type": "split-grid-four",
      "photos": [
        "chapter-3-page-2-1.jpg",
        "chapter-3-page-2-2.jpg",
        "chapter-3-page-2-3.jpg",
        "chapter-3-page-2-4.jpg"
      ],
      "content": [],
      "template": null
    },
    
    {
            "order": 3,
            "title": "",
            "type": "split-vertical",
            "photos": [
                "chapter-3-page-3-1.jpg",
                "chapter-3-page-3-2.jpg"
                
                
            ],
            "content": [],
            "template": null
        },

{
            "order": 4,
            "title": "",
            "type": "split-vertical",
            "photos": [
                "chapter-3-page-4-1.jpg",
                "chapter-3-page-4-2.jpg"
                
                
            ],
            "content": [],
            "template": null
        },

        {
            "order": 5,
            "title": "",
            "type": "split-grid-four",
            "photos": [
                "chapter-3-page-5-1.jpg",
                "chapter-3-page-5-2.jpg",
                "chapter-3-page-5-3.jpg",
                "chapter-3-page-5-4.jpg"
                
                
            ],
            "content": [],
            "template": null
        },

        {
            "order": 6,
            "title": "",
            "type": "split-vertical",
            "photos": [
                "chapter-3-page-6-1.jpg",
                "chapter-3-page-6-2.jpg"
                
                
            ],
            "content": [],
            "template": null
        },

        {
            "order": 7,
            "title": "",
            "type": "split-grid-four",
            "photos": [
                "chapter-3-page-7-1.jpg",
                "chapter-3-page-7-2.jpg",
                "chapter-3-page-7-3.jpg",
                "chapter-3-page-7-4.jpg"
                
                
            ],
            "content": [],
            "template": null
        },

        {
            "order": 8,
            "title": "",
            "type": "split-vertical",
            "photos": [
                "chapter-3-page-8-1.jpg",
                "chapter-3-page-8-2.jpg"
                
                
            ],
            "content": [],
            "template": null
        },

{
            "order": 9,
            "title": "",
            "type": "split-vertical",
            "photos": [
                "chapter-3-page-9-1.jpg",
                "chapter-3-page-9-2.jpg"
                
                
            ],
            "content": [],
            "template": null
        },

{
            "order": 10,
            "title": "",
            "type": "full",
            "photos": [
                "chapter-3-page-10-1.jpg"
                                
            ],
            "content": [],
            "template": null
        }
    
    
    
    
  ]
}