{
  "number": 5,
  "title": "Bloomin Journos",
  "pages": [
    {
      "order": 1,
      "title": "Bloomin Journos",
      "type": "chapter-intro-horizontal",
      "photos": [
        "chapter-5-page-1-1.jpg",
        "chapter-5-page-1-2.jpg",
        "chapter-5-page-1-3.jpg"
      ],
      "content": [
        {
          "type": "story",
          "content": [
            {
              "type": "heading",
              "value": "Bloomin Journos"
            },
            {
              "type": "paragraph",
              "value": "There comes a time in a game's life cycle where you have to start inviting the dreaded games journalists over to actually play the thing. The relationship between dev and journalist can be a tense one. Often, these are quite strictly controlled affairs, with a PR figure looming in the corner, nodding or shaking their head to indicate what information should be divulged and what should or should not be said."
            },
            {
              "type": "paragraph",
              "value": "Our band of indie heroes hate all that nonsense; when games journalist Matt Lees came over to play, Sean sat down with him, gave him a controller and basically told him to get cracking."
            },
            {
              "type": "paragraph",
              "value": "Despite the laid back and friendly attitudes from both parties, however, there was still tension in the air as everyone wondered how the game (and the then in development iOS version) would stand up to scrutiny."
            }
          ]
        }
      ],
      "template": null
    },
    {
      "order": 2,
      "title": "",
      "type": "split-grid-four",
      "photos": [
        "chapter-5-page-2-1.jpg",
        "chapter-5-page-2-2.jpg",
        "chapter-5-page-2-3.jpg",
        "chapter-5-page-2-4.jpg"
      ],
      "content": [],
      "template": null
    },
    {
      "order": 3,
      "title": "",
      "type": "full",
      "photos": [
        "chapter-5-page-3-1.jpg"
      ],
      "content": [],
      "template": null
    },
    {
      "order": 4,
      "title": "",
      "type": "split-vertical",
      "photos": [
        "chapter-5-page-4-1.jpg",
        "chapter-5-page-4-2.jpg"
      ],
      "content": [],
      "template": null
    },
    {
      "order": 5,
      "title": "",
      "type": "full",
      "photos": [
        "chapter-5-page-5-1.jpg"
      ],
      "content": [
        {
          "type": "story",
          "content": [
            {
              "type": "heading",
              "value": "Bloomin Journos"
            },
            {
              "type": "paragraph",
              "value": "Sean looks on as Matt plays the prototype of 'Joe Danger Touch!' on the iPhone."
            },
            {
              "type": "paragraph",
              "value": "Sean is watching Matt play here to make sure that the design is doing its job; he wants to see if Matt 'gets it' without having to step in and tell him how he should play the game."
            }
          ]
        }
      ],
      "template": null
    }
  ]
}