{
    "number": 8,
    "title": "GamesCom It's Not All Hard Work",
    "pages": [
        {
            "order": 1,
            "title": "GamesCom It's Not All Hard Work",
            "type": "full",
            "photos": [
                "chapter-8-page-1-1.jpg",
                "chapter-8-page-1-2.jpg",
                "chapter-8-page-1-3.jpg",
                "chapter-8-page-1-4.jpg"
                
            ],
            "content": [],
            "template": null
        },

        {
            "order": 2,
            "title": "",
            "type": "full",
            "photos": [
                "chapter-8-page-2-1.jpg"
            ],
            "content": [],
            "template": null
        },
        {
            "order": 3,
            "title": "",
            "type": "full",
            "photos": [
                "chapter-8-page-3-1.jpg"
                
            ],

            "content": [],
            "template": null
        },

{
            "order": 4,
            "title": "",
            "type": "full",
            "photos": [
                "chapter-8-page-4-1.jpg"

            ],

            "content": [],
            "template": null
        },

        {
            "order": 5,
            "title": "",
            "type": "full",
            "photos": [
                "chapter-8-page-5-1.jpg"

            ],

            "content": [],
            "template": null
        },

         {
            "order": 6,
            "title": "",
            "type": "full",
            "photos": [
                "chapter-8-page-6-1.jpg"
            ],

            "content": [],
            "template": null
        },

 {
            "order": 7,
            "title": "",
            "type": "split-grid-four",
            "photos": [
                "chapter-8-page-7-1.jpg",
                "chapter-8-page-7-2.jpg",
                "chapter-8-page-7-3.jpg",
                "chapter-8-page-7-4.jpg"
                
            ],

            "content": [],
            "template": null
        },

         {
            "order": 8,
            "title": "",
            "type": "full",
            "photos": [
                "chapter-8-page-8-1.jpg"
            ],

            "content": [],
            "template": null
        },

 {
            "order": 9,
            "title": "",
            "type": "split-grid-four",
            "photos": [
                "chapter-8-page-9-1.jpg",
                "chapter-8-page-9-2.jpg",
                "chapter-8-page-9-3.jpg",
                "chapter-8-page-9-4.jpg"
            ],

            "content": [],
            "template": null
        },

 {
            "order": 10,
            "title": "",
            "type": "full",
            "photos": [
                "chapter-8-page-10-1.jpg"
                
            ],

            "content": [],
            "template": null
        },

         {
            "order": 11,
            "title": "",
            "type": "full",
            "photos": [
                "chapter-8-page-11-1.jpg"
            ],

            "content": [],
            "template": null
        },

{
            "order": 12,
            "title": "",
            "type": "split-grid-four",
            "photos": [
                "chapter-8-page-12-1.jpg",
                "chapter-8-page-12-2.jpg",
                "chapter-8-page-12-3.jpg",
                "chapter-8-page-12-4.jpg"
    
            ],

            "content": [],
            "template": null
        },

        {
            "order": 13,
            "title": "",
            "type": "full",
            "photos": [
                "chapter-8-page-12-1.jpg"
    
            ],

            "content": [],
            "template": null
        },

        {
            "order": 14,
            "title": "",
            "type": "split-vertical",
            "photos": [
                "chapter-8-page-14-1.jpg",
                "chapter-8-page-14-2.jpg"
    
            ],

            "content": [],
            "template": null
        }



    ]
}